Section,AI_Insight
EXECUTIVE SUMMARY,"* Overall Business Health: Needs Attention
* Total Sales: $62,605,608.01
* Total Profit: $18,573,015.71
* Overall Profit Margin: 29.67%
* Total Orders: 49,955

Executive Overview: The business demonstrates solid top-line performance with over $62.6M in revenue across nearly 50,000 orders, maintaining a healthy overall profit margin of 29.67%. However, overall status is marked as Needs Attention due to noticeable margin compression in specific product categories and key geographical regions, offset by high-margin product and customer expansion opportunities."
KEY BUSINESS RISKS,"1. Category Margin Compression (Electronics): Electronics yields the lowest profit margin across categories at 18.81%, pulling down aggregate corporate profitability.
2. Regional Margin Drag (East Region): The East region records the lowest regional profit margin at 29.18%, indicating cost inefficiencies or unfavorable pricing/discount structures in that market."
GROWTH OPPORTUNITIES,"1. High-Margin Category Expansion (Home & Kitchen): Home & Kitchen delivers the highest category profit margin at 34.86%, presenting an opportunity to scale marketing and product expansion.
2. High-Margin Product Scaling (Premium Laptop): The Premium Laptop achieves an exceptional profit margin of 90.62%, serving as a key driver for bottom-line expansion.
3. Top Revenue Driver Retention (Basic Wallet): The Basic Wallet is the top sales driver among leading products, generating $1,119,565.68 in sales.
4. VIP Customer Account Value: High-value customers like Noah Brown (generating $374,001.39 in sales) demonstrate strong account potential for targeted VIP retention strategies.
5. Regional Best Practices (West Region): The West region outperforms with the highest valid profit margin at 29.94%."
PRODUCT & PROFITABILITY INSIGHTS,"* Facts:
  * Category margins range from a low of 18.81% (Electronics) to a high of 34.86% (Home & Kitchen).
  * Product-level performance shows extreme variance: Basic Wallet leads total volume with $1,119,565.68 in revenue, while Premium Laptop achieves a peak margin of 90.62%.
* Business Impact: High sales volume in lower-margin items (like Electronics) dilutes overall gross margins. Upselling high-margin products like the Premium Laptop directly protects profitability."
CUSTOMER INSIGHTS,"* Facts:
  * Top-tier customer Noah Brown accounted for $374,001.39 in revenue across total order volume.
* Business Impact: Individual high-value accounts hold a material share of sales. Prioritizing personalized retention and targeted offers secures revenue stability and reduces churn risks among top spenders."
REGIONAL INSIGHTS,"* Facts:
  * West Region: Delivers the highest regional profit margin at 29.94%.
  * East Region: Underperforms with the lowest regional profit margin at 29.18%.
* Business Impact: A 0.76 percentage point margin gap between regions points to potential pricing disparities, localized discounting excess, or differing product sales mixes."
ACTIONABLE RECOMMENDATIONS,"#### 1. Profitability & Pricing Adjustments
* Review Electronics & Low-Margin Lines: Audit supplier costs, product-level profitability, and discount structures for Electronics to restore category margins closer to the 29.67% corporate average.
* Capitalize on Premium Products: Increase promotional visibility and expand product offerings for high-margin items such as the Premium Laptop (90.62% margin) and the Home & Kitchen category (34.86% margin).

#### 2. Regional Optimization
* Address East Region Inefficiencies: Investigate regional pricing, discount controls, local operational costs, and product mix in the East region to bridge the gap with better-performing territories.
* Replicate West Region Success: Analyze the product mix and sales strategies driving the West region's top-tier margin (29.94%) and adapt those practices across other sales regions.

#### 3. Operations & Account Management
* Maintain Stock Availability: Safeguard inventory levels and supply chain continuity for high-volume revenue generators like the Basic Wallet ($1,119,565.68 in sales).
* Develop High-Value VIP Programs: Implement structured loyalty incentives, exclusive offers, and dedicated retention touchpoints for top-tier customers such as Noah Brown ($374,001.39 in lifetime sales)."
